branch,type
sorotzkin,jam
sorotzkin,chocolate
sorotzkin,custard
sorotzkin,chocolate
sorotzkin,custard
sorotzkin,jam
sorotzkin,jam
sorotzkin,jam
sorotzkin,custard
sorotzkin,chocolate
sorotzkin,chocolate
sorotzkin,custard
sorotzkin,jam
sorotzkin,custard
sorotzkin,jam
sorotzkin,chocolate
sorotzkin,jam
sorotzkin,jam
sorotzkin,jam
sorotzkin,jam
sorotzkin,chocolate
sorotzkin,custard
sorotzkin,jam
sorotzkin,chocolate
sorotzkin,jam
sorotzkin,custard
sorotzkin,chocolate
sorotzkin,jam
sorotzkin,custard
sorotzkin,chocolate
sorotzkin,jam
sorotzkin,custard
sorotzkin,jam
sorotzkin,jam
sorotzkin,jam
sorotzkin,chocolate
sorotzkin,jam
sorotzkin,jam
sorotzkin,jam
sorotzkin,jam
sorotzkin,jam
sorotzkin,chocolate
sorotzkin,custard
sorotzkin,jam
sorotzkin,jam
sorotzkin,jam
sorotzkin,chocolate
sorotzkin,chocolate
sorotzkin,custard
sorotzkin,jam
sorotzkin,jam
sorotzkin,jam
sorotzkin,custard
sorotzkin,chocolate
sorotzkin,jam
sorotzkin,jam
sorotzkin,chocolate
sorotzkin,custard
sorotzkin,jam
sorotzkin,jam
sorotzkin,jam
sorotzkin,chocolate
shamgar,jam
shamgar,custard
shamgar,jam
shamgar,chocolate
shamgar,jam
shamgar,jam
shamgar,custard
shamgar,jam
shamgar,jam
shamgar,jam
shamgar,chocolate
shamgar,jam
shamgar,chocolate
shamgar,jam
shamgar,custard
shamgar,jam
shamgar,custard
shamgar,jam
shamgar,jam
shamgar,jam
shamgar,custard
shamgar,chocolate
shamgar,chocolate
shamgar,jam
shamgar,jam
shamgar,jam
shamgar,jam
shamgar,chocolate
shamgar,custard
shamgar,jam
shamgar,custard
shamgar,jam
shamgar,custard
shamgar,jam
shamgar,jam
shamgar,chocolate
shamgar,custard
shamgar,jam
shamgar,custard
shamgar,jam
